Kozon s.c.;nelaluszczak@fpuh.pl;2019-03-17;2
Staœko-Sarosiek Sp.j.;bruno33@spoldzielnia.net;2019-09-22;1
FPUH Szpara-£uckiewicz Sp. z o.o. Sp.k.;elzbieta64@stowarzyszenie.com;2019-11-04;1
Fundacja Hejna;urej@grupa.com;2019-04-09;1
Stowarzyszenie Dyœ-Tr¹bka Sp. z o.o. Sp.k.;tmaleszka@spoldzielnia.com;2019-05-15;1
Oleksa s.c.;gustaw34@mizia-zajko.com;2019-12-18;2
Rubin i syn s.c.;cmical@gabinety.pl;2019-09-07;1
Grupa Kazek Sp.j.;tolahrynkiewicz@stowarzyszenie.com;2019-07-15;1
Stowarzyszenie Saczuk;yrychert@ciochon-mackow.pl;2019-07-01;1
Grupa Dukat i syn s.c.;seredajanina@fundacja.com;2020-09-08;1
Stowarzyszenie Salomon Sp.k.;lwita@przewoznik-sudak.pl;2020-04-05;1
FPUH Kubrak Sp. z o.o.;skolikemil@bazyluk.net;2019-05-07;1
Grupa Smyka³a;jan50@fundacja.pl;2020-04-06;1
Gadza³a i syn s.c.;kurysjanina@szoltysik-ceran.com;2019-03-14;1
Stowarzyszenie Kosa³ka S.A.;iburzec@fpuh.net;2019-10-14;1
Kroll i syn s.c.;apolonia95@fpuh.com;2019-04-30;1
Konstanty S.A.;mazekfryderyk@grupa.com;2020-09-15;2
FPUH Meissner-Kreczmer Sp.j.;vbok@latek-szyjka.net;2019-12-19;1
Grupa Kostek Sp. z o.o. Sp.k.;jfilus@roch.org;2019-01-01;1
Piórek S.A.;uglazik@fundacja.com;2020-07-07;1
FPUH Reiter;szlufikoskar@dyjas.com;2019-03-18;1
Gabinety Simon;elizaniklewicz@fundacja.net;2020-06-21;1
Stowarzyszenie F¹ferek;therdzik@woloszyk.com;2018-11-30;2
PPUH Borysewicz;ludzikkarina@stowarzyszenie.pl;2019-05-25;1
Spó³dzielnia Wietecha Sp.j.;huczkomaks@spoldzielnia.com;2020-07-15;1
Spó³dzielnia Ambro¿ewicz-Kozubal Sp. z o.o. Sp.k.;tobiaszprostak@hadala.pl;2019-03-12;1
Damps i syn s.c.;filip93@becker.pl;2019-06-02;1
PPUH Forma;czuprynjuliusz@rutowicz.com;2019-05-29;1
Kanarek Sp.k.;qcebulak@butrym-gierasimiuk.com;2018-10-21;1
Gabinety Szpyt;lidia77@koska.com;2020-05-12;1
Grupa Szczesiak;natan94@wandas-pierz.pl;2019-03-07;1
Grupa Futyma-Rycerz i syn s.c.;nicolekieca@stowarzyszenie.com;2020-09-01;2
Fundacja Warzybok;rozaliazegadlo@noszczyk.com;2019-12-25;1
Gosek-Hass Sp. z o.o. Sp.k.;michal11@kowara-przerwa.pl;2020-05-31;1
PPUH Wietecha-Œcieszka i syn s.c.;nehringkarina@kajstura-swaczyna.pl;2019-08-26;1
PPUH Krzosek-Linke Sp.k.;filipolkowicz@ppuh.pl;2020-01-22;1
Michnik Sp. z o.o.;wydrychtymon@holeksa-buchalik.com;2020-03-18;1
Wieja Sp. z o.o. Sp.k.;apoloniapusz@fpuh.com;2020-02-26;2
FPUH Wa¿na s.c.;gdydo@pyza.com;2019-03-09;2
Krê¿o³ek i syn s.c.;wojciech20@grupa.org;2020-03-16;1
Wilkos-Kêsek Sp.j.;xmarkiel@fpuh.pl;2020-06-23;2
Gabinety Bart³omiejczyk s.c.;qchlebek@spoldzielnia.pl;2019-09-30;1
PPUH Koz³owicz-Duda³a Sp. z o.o.;anastazja23@stowarzyszenie.org;2019-01-09;1
FPUH RaŸniak-Kik Sp.j.;sylwiazbik@cecot-lobacz.pl;2020-03-26;1
Fundacja £udzik i syn s.c.;anastazja04@walusiak-grabara.com;2019-03-22;1
Pociask S.A.;oliwierczerkies@fundacja.pl;2019-04-13;1
Lepka Sp. z o.o.;etalaj@grupa.net;2019-04-28;2
Fundacja Tokarek;cezaryskrzecz@fpuh.com;2020-04-10;1
Dyja-Stroka Sp.k.;iwogoliszek@lepa.com;2018-10-18;1
PPUH Ropiak Sp. z o.o. Sp.k.;kosiakmaciej@dziewior-krenc.pl;2019-08-25;1
FPUH Czylok;fabianowsiany@raczkiewicz-bartocha.pl;2020-03-05;1
FPUH Du³ak-Lorens Sp.j.;kazimierz35@rej-zyrek.com;2019-03-23;1
Grupa Durys Sp. z o.o.;cezarychabior@fpuh.com;2020-05-06;1
PPUH Durlik-Ficner Sp. z o.o.;mariuszpacholak@pryszcz-manista.pl;2019-07-24;1
F¹ferek-Gill Sp.j.;tola96@spoldzielnia.pl;2020-10-02;2
Kloch-Spólnik Sp. z o.o. Sp.k.;bmlynarz@spoldzielnia.com;2019-02-11;2
Stowarzyszenie Prystupa;kukawkamaksymilian@smolka-pasierbek.com;2019-09-14;1
Gabinety Pasich;milaleon@stowarzyszenie.com;2019-05-09;1
Gabinety Nawój Sp. z o.o. Sp.k.;daniel77@prejs.com;2018-11-18;1
Keler Sp. z o.o. Sp.k.;tadeusz11@fundacja.net;2020-06-30;1
Brojek S.A.;trojanowiczblazej@kuznia.pl;2019-09-09;1
Gabinety Raczkiewicz-Elias Sp. z o.o.;cdyszkiewicz@kosiak.com;2019-10-16;1
PPUH Gadza³a-Ragus Sp. z o.o.;gregorowiczryszard@fpuh.net;2020-04-23;1
Guœciora-Bryzek i syn s.c.;stypakrystian@fpuh.com;2018-11-16;1
Sznura s.c.;franciszekwoloch@ppuh.com;2019-11-07;1
Gabinety Górkiewicz s.c.;ernesthadam@zawal-drobik.com;2019-08-02;1
Jessa i syn s.c.;okwapien@siejak.com;2019-07-16;2
Spó³dzielnia Gotfryd S.A.;bartelolga@swiatkiewicz-zemanek.com;2019-02-04;2
Krzywoñ-Dryka s.c.;rozadrozdzal@grupa.pl;2019-06-03;1
Stowarzyszenie Gêgotek-Fierek Sp. z o.o. Sp.k.;karolpiotr@mielcarz-gos.net;2019-02-20;1
PPUH Miodek-Noszczyk Sp.j.;piotrlenda@fundacja.pl;2018-11-02;2
Ochal-Syka³a Sp. z o.o. Sp.k.;zpacewicz@ppuh.pl;2019-06-27;1
Dyjas-S³upik S.A.;eprokopiak@planeta-parda.org;2018-11-28;1
PPUH Zubel-Szlaga s.c.;andryszczykmarcin@fpuh.com;2019-06-06;1
Gabinety Naczk s.c.;gaja85@lukowiak-leszcz.com;2020-08-27;1
Gabinety Niewiara Sp.j.;zellwart@stowarzyszenie.pl;2019-11-28;1
Fundacja Fronia-Imiela Sp. z o.o.;jozeflipowicz@gorzelanczyk-wichlacz.com;2019-02-26;1
Stowarzyszenie Kuœwik-Seidel i syn s.c.;mgebauer@tarasek-goik.com;2018-11-04;2
Stowarzyszenie Baster s.c.;zszymajda@niechcial-budner.com;2020-08-16;1
Spad³o-Makoœ Sp. z o.o. Sp.k.;piotrsromek@ppuh.com;2020-03-17;1
Grupa Korzekwa-Kasak S.A.;zastawnydaniel@druszcz.pl;2020-03-19;1
Gabinety Frelek i syn s.c.;wawrzykrafal@spoldzielnia.net;2019-07-28;1
Fundacja Joniak-Blank S.A.;piestrzeniewicztola@fpuh.com;2019-10-12;1
PPUH Hajda;trawkaartur@gabinety.org;2020-08-11;2
Spó³dzielnia Mojsa Sp. z o.o. Sp.k.;krzyszczaktymon@wawszczyk.pl;2019-10-10;1
PPUH Liœkiewicz-Kajdas Sp.j.;saralukasz@kurz.com;2020-10-03;1
Klebba Sp. z o.o.;juliannapysz@grupa.org;2019-04-27;1
Gabinety Majtyka i syn s.c.;urszula92@spoldzielnia.pl;2020-06-09;1
Gabinety Hudzik-Ziêciak i syn s.c.;ida34@wosko.com;2020-09-03;1
Spó³dzielnia Kempka;wspychaj@fpuh.com;2019-11-19;1
Kurczab S.A.;drozdzielpatryk@ppuh.com;2019-02-08;1
Grupa Jakimiak-Lato Sp.j.;adamkochman@spoldzielnia.com;2019-08-15;1
Stowarzyszenie Zasêpa i syn s.c.;robertroj@stowarzyszenie.com;2019-07-13;1
Grupa Janc Sp.j.;piejkostefan@spoldzielnia.net;2020-04-03;2
Mierzwiak-Keler S.A.;marcinbroszkiewicz@gabinety.com;2020-03-04;1
Spó³dzielnia Policht;kuffelliwia@hewelt.com;2020-03-22;1
PPUH Kolarz-Rubaj S.A.;kuczajalbert@fpuh.pl;2020-06-15;1
Danel-Szyma³a i syn s.c.;norbert22@stowarzyszenie.com;2020-08-08;1
PPUH Drozdowicz;pawel90@ppuh.com;2019-12-12;1
Kuryœ-Perczak Sp. z o.o. Sp.k.;ojarema@spoldzielnia.com;2019-06-24;1
