PPUH Duma³a-Drobik Sp.k.;rplesniak@fundacja.com;2019-10-10;1;2020-9-27
FPUH Dziduch-Sztaba s.c.;xtylka@kiryluk-stachow.pl;2019-10-05;1;2020-9-27
Spó³dzielnia Elert i syn s.c.;kacperulewicz@makles-ciesielka.net;2019-10-04;1;2020-9-27
Grupa Zacharczuk Sp.k.;irajda@wielgos.org;2019-09-27;1;2020-9-27
Jakóbiak-Kunc Sp.k.;sabalajacek@augustynek.com;2018-10-14;2;2020-9-27
Potyra³a-Wasiuk Sp. z o.o. Sp.k.;inieborak@dywan.net;2019-10-17;1;2020-9-27
Fundacja Nojman S.A.;bojdoanastazja@fundacja.pl;2019-10-16;1;2020-9-27
Pyza-Rucha³a s.c.;leonardkonieczek@mikolajewicz-wieladek.net;2019-10-11;1;2020-9-27
Stowarzyszenie Kwak;maciejkolarczyk@janke.com;2019-10-18;1;2020-9-27
Stowarzyszenie Kornek;ida95@grupa.net;2018-10-03;2;2020-9-27
Grupa Marat-Kowala i syn s.c.;tomasz29@grupa.com;2019-10-08;1;2020-9-27
Pytko Sp.j.;rosadanatasza@ppuh.com;2019-09-30;1;2020-9-27
Helak-Strzy¿ Sp.k.;tbogumil@chromy-lusiak.pl;2019-10-08;1;2020-9-27
Stowarzyszenie Batóg-Mirgos Sp. z o.o. Sp.k.;adam22@fpuh.com;2019-09-29;1;2020-9-27
Spó³dzielnia Kowalówka Sp.k.;rcherek@grupa.com;2019-10-18;1;2020-9-27
Kieca Sp.k.;wojtalewiczkazimierz@grupa.pl;2019-10-08;1;2020-9-27
Niklewicz-Miksza Sp.k.;olga53@fpuh.com;2018-10-17;2;2020-9-27
Serwa Sp.j.;dysagnieszka@fundacja.net;2019-10-02;1;2020-9-27
Fundacja Baumgart;zpacholak@ragus.pl;2018-10-14;2;2020-9-27
Kosid³o-Lament i syn s.c.;oliwier82@krzystek.com;2019-10-11;1;2020-9-27
PPUH Sidorczuk;ryszaleks@fpuh.org;2018-10-09;2;2020-9-27
Grupa Przeklasa-Stawinoga Sp. z o.o.;mareklesko@gabinety.com;2019-10-11;1;2020-9-27
FPUH Plak;rozaliamacha@gabinety.com;2019-10-08;1;2020-9-27
Miozga-Kowalówka i syn s.c.;ofolta@fundacja.org;2019-10-08;1;2020-9-27
Grupa Bajko-Kordus S.A.;liwia07@ppuh.pl;2019-10-02;1;2020-9-27
FPUH Sura-Westfal Sp. z o.o.;gajdzikstefan@motak.pl;2019-10-01;1;2020-9-27
Haremza-Koco³ i syn s.c.;makoszrozalia@lewek-malycha.pl;2019-10-05;1;2020-9-27
Matula-Deptuch S.A.;omaszkiewicz@grupa.com;2019-10-15;1;2020-9-27
Fundacja Turlej Sp. z o.o.;kubonmikolaj@szylar-luczka.org;2018-10-09;2;2020-9-27
Zgo³a-Madziar Sp. z o.o.;kaja23@rompa-dziuban.pl;2019-10-07;1;2020-9-27
Rogacz-Krzyszczak s.c.;rporeda@poniedzialek-kohut.org;2019-09-30;1;2020-9-27
